{
  "dense_only": {
    "mrr": 0.34333333333333327,
    "recall_at_5": 0.37
  },
  "sparse_only": {
    "mrr": 0.3436666666666667,
    "recall_at_5": 0.37
  },
  "hybrid_rrf": {
    "mrr": 0.36700000000000005,
    "recall_at_5": 0.38
  }
}